{"cameraMode":{"drawMode":0,"name":"Shaded","section":"Shading Mode"},"sceneLighting":false,"audioPlay":false,"sceneViewState":{"showFog":true,"showMaterialUpdate":false,"showSkybox":false,"showFlares":true,"showImageEffects":true,"showParticleSystems":true},"in2DMode":false,"pivot":{"x":273.958984375,"y":-6.48046875,"z":309.76611328125},"rotation":{"x":0.29669076204299929,"y":-0.040966808795928958,"z":0.012746419757604599,"w":0.9540491104125977},"size":120.4915771484375,"orthographic":true}