{"cameraMode":{"drawMode":0,"name":"Shaded","section":"Shading Mode"},"sceneLighting":true,"audioPlay":false,"sceneViewState":{"showFog":true,"showMaterialUpdate":false,"showSkybox":true,"showFlares":true,"showImageEffects":true,"showParticleSystems":true},"in2DMode":false,"pivot":{"x":265.087890625,"y":-4.994140625,"z":303.072021484375},"rotation":{"x":0.319763720035553,"y":-0.5928570628166199,"z":0.2765740156173706,"w":0.6854339838027954},"size":26.870620727539064,"orthographic":true}