{"cameraMode":{"drawMode":0,"name":"Shaded","section":"Shading Mode"},"sceneLighting":false,"audioPlay":false,"sceneViewState":{"showFog":true,"showMaterialUpdate":false,"showSkybox":false,"showFlares":true,"showImageEffects":true,"showParticleSystems":true},"in2DMode":false,"pivot":{"x":281.8599853515625,"y":3.319999933242798,"z":291.70001220703127},"rotation":{"x":0.319763720035553,"y":-0.5928570628166199,"z":0.2765740156173706,"w":0.6854339838027954},"size":2.156691074371338,"orthographic":true}