{"cameraMode":{"drawMode":0,"name":"Shaded","section":"Shading Mode"},"sceneLighting":true,"audioPlay":false,"sceneViewState":{"showFog":true,"showMaterialUpdate":false,"showSkybox":true,"showFlares":true,"showImageEffects":true,"showParticleSystems":true},"in2DMode":false,"pivot":{"x":351.99090576171877,"y":60.385459899902347,"z":650.2843017578125},"rotation":{"x":0.09515010565519333,"y":0.32410264015197756,"z":-0.03278423473238945,"w":0.9406580328941345},"size":10.888148307800293,"orthographic":false}