{"cameraMode":{"drawMode":0,"name":"Shaded","section":"Shading Mode"},"sceneLighting":false,"audioPlay":false,"sceneViewState":{"showFog":true,"showMaterialUpdate":false,"showSkybox":false,"showFlares":true,"showImageEffects":true,"showParticleSystems":true},"in2DMode":false,"pivot":{"x":44.77000045776367,"y":2.799999952316284,"z":71.79000091552735},"rotation":{"x":-0.33989718556404116,"y":0.003383018309250474,"z":-0.001222604070790112,"w":-0.940455973148346},"size":36.79633712768555,"orthographic":false}