{"cameraMode":{"drawMode":0,"name":"Shaded","section":"Shading Mode"},"sceneLighting":true,"audioPlay":false,"sceneViewState":{"showFog":true,"showMaterialUpdate":false,"showSkybox":true,"showFlares":true,"showImageEffects":true,"showParticleSystems":true},"in2DMode":false,"pivot":{"x":282.0,"y":4.279999732971191,"z":299.6000061035156},"rotation":{"x":0.016898123547434808,"y":0.9728792905807495,"z":-0.21806655824184419,"w":0.0754527673125267},"size":14.471521377563477,"orthographic":true}