{"cameraMode":{"drawMode":0,"name":"Shaded","section":"Shading Mode"},"sceneLighting":true,"audioPlay":false,"sceneViewState":{"showFog":true,"showMaterialUpdate":false,"showSkybox":true,"showFlares":true,"showImageEffects":true,"showParticleSystems":true},"in2DMode":false,"pivot":{"x":283.3459167480469,"y":19.624292373657228,"z":274.4600830078125},"rotation":{"x":0.14664910733699799,"y":0.2335396707057953,"z":-0.03565441071987152,"w":0.9605646133422852},"size":21.466901779174806,"orthographic":false}