{"cameraMode":{"drawMode":0,"name":"Shaded","section":"Shading Mode"},"sceneLighting":false,"audioPlay":false,"sceneViewState":{"showFog":true,"showMaterialUpdate":false,"showSkybox":false,"showFlares":true,"showImageEffects":true,"showParticleSystems":true},"in2DMode":false,"pivot":{"x":190.1999969482422,"y":1.7000001668930054,"z":121.30000305175781},"rotation":{"x":0.2248760461807251,"y":-0.27945077419281008,"z":0.06749826669692993,"w":0.931011974811554},"size":38.06357192993164,"orthographic":false}